﻿<?xml version="1.0" encoding="utf-8" ?>
<log4net>

  <root>
    <!--日志级别：在此级别及以上的才会被记录，FATAL > ERROR > WARN > INFO > DEBUG  > ALL-->
    <level value="All" />
    <appender-ref ref="infoFile" />
    <appender-ref ref="errorFile" />
  </root>
     
  <appender name="infoFile" type="log4net.Appender.RollingFileAppender">
    <param name="File" value="Logs/" />
    <!--是否在文件中追加,设为false则去将以前的记录覆盖-->
    <param name="AppendToFile" value="true" />
    <!--文件大小限制-->
    <param name="MaxFileSize" value="100" />
    <!--单个文件进行拆分的最大数量-->
    <param name="MaxSizeRollBackups" value="100" />
    <param name="StaticLogFileName" value="false" />
    <param name="DatePattern" value="yyyy-MM-dd/&quot;Log_Info_&quot;yyyyMMdd&quot;.log&quot;" />
    <!--使用日期变换日志文件名-->
    <param name="RollingStyle" value="Date" />
        
    <layout type="log4net.Layout.PatternLayout">
      <conversionPattern value="%date{yyyy-MM-dd HH:mm:ss}[%t], %level, %logger %n%m%n%n" ></conversionPattern>
    </layout>

    <filter type="log4net.Filter.LevelRangeFilter">
      <!--<levelMin value="Info"/>--><!--最低记录等级交由appsetting来作统一控制-->
      <levelMax value="Info"/>     
    </filter>    
  </appender>

  <appender name="errorFile" type="log4net.Appender.RollingFileAppender">

    <param name="File" value="Logs\\" />
    <param name="AppendToFile" value="true" />
    <param name="MaxFileSize" value="100" />
    <param name="MaxSizeRollBackups" value="100" />
    <param name="StaticLogFileName" value="false" />
    <param name="DatePattern" value="yyyy-MM-dd/&quot;Log_Error_&quot;yyyyMMdd&quot;.log&quot;" />
    <param name="RollingStyle" value="Date" />

    <layout type="log4net.Layout.PatternLayout">
      <conversionPattern value="%date{yyyy-MM-dd HH:mm:ss}[%t], %level, %logger %n%m%n %exception%n" ></conversionPattern>
    </layout>

    <filter type="log4net.Filter.LevelRangeFilter">
      <levelMin value="Warn"/>
      <levelMax value="Fatal"/>
    </filter>
    
  </appender>
  
</log4net>