<?xml version="1.0"?>
<doc>
    <assembly>
        <name>$safeprojectname$</name>
    </assembly>
    <members>
        <member name="M:$safeprojectname$.Program.CmdArgsHandler(System.String[])">
            <summary>
            cmd运行参数处理
            </summary>
            <param name="args"></param>
        </member>
        <member name="M:$safeprojectname$.Startup.ExtraServiceRegist(Microsoft.Extensions.DependencyInjection.IServiceCollection)">
            <summary>
            本地IOC容器注册
            </summary>
            <param name="services"></param>
        </member>
        <member name="T:$safeprojectname$.Startup.AuthorizationHeaderOperationFilter">
            <summary>
            判断是否需要添加Authorize Header
            </summary>
        </member>
        <member name="M:$safeprojectname$.Startup.AuthorizationHeaderOperationFilter.Apply(Swashbuckle.AspNetCore.Swagger.Operation,Swashbuckle.AspNetCore.SwaggerGen.OperationFilterContext)">
            <summary>
            为需要认证的Operation添加认证参数
            </summary>
            <param name="operation">The Swashbuckle operation.</param>
            <param name="context">The Swashbuckle operation filter context.</param>
        </member>
    </members>
</doc>
